{"cameraMode":{"drawMode":0,"name":"Shaded","section":"Shading Mode"},"sceneLighting":false,"audioPlay":false,"sceneViewState":{"m_AlwaysRefresh":false,"showFog":true,"showSkybox":false,"showFlares":true,"showImageEffects":true,"showParticleSystems":true,"showVisualEffectGraphs":true,"m_FxEnabled":true},"in2DMode":false,"pivot":{"x":5.066394805908203e-7,"y":0.4506014883518219,"z":0.005253225564956665},"rotation":{"x":-0.038814693689346316,"y":-0.9586061835289002,"z":0.15688812732696534,"w":-0.23488442599773408},"size":0.7297256588935852,"orthographic":false}