{"cameraMode":{"drawMode":0,"name":"Shaded","section":"Shading Mode"},"sceneLighting":true,"audioPlay":false,"sceneViewState":{"m_AlwaysRefresh":false,"showFog":true,"showSkybox":true,"showFlares":true,"showImageEffects":true,"showParticleSystems":true,"showVisualEffectGraphs":true,"m_FxEnabled":true},"in2DMode":false,"pivot":{"x":203.8108673095703,"y":111.36476135253906,"z":-353.3574523925781},"rotation":{"x":-0.014631184749305249,"y":0.061611078679561618,"z":0.0014187487540766597,"w":0.9982078671455383},"size":2.36602520942688,"orthographic":false}