{"cameraMode":{"drawMode":0,"name":"Shaded","section":"Shading Mode"},"sceneLighting":false,"audioPlay":false,"sceneViewState":{"m_AlwaysRefresh":false,"showFog":true,"showSkybox":false,"showFlares":true,"showImageEffects":true,"showParticleSystems":true,"showVisualEffectGraphs":true,"m_FxEnabled":true},"in2DMode":false,"pivot":{"x":1003.4717407226563,"y":60.338584899902347,"z":1115.1973876953125},"rotation":{"x":-0.21740767359733582,"y":-0.04240579158067703,"z":0.009016537107527256,"w":-0.975285530090332},"size":1080.9766845703125,"orthographic":false}