{"cameraMode":{"drawMode":0,"name":"Shaded","section":"Shading Mode"},"sceneLighting":false,"audioPlay":false,"sceneViewState":{"m_AlwaysRefresh":false,"showFog":true,"showSkybox":false,"showFlares":true,"showImageEffects":true,"showParticleSystems":true,"showVisualEffectGraphs":true,"m_FxEnabled":true},"in2DMode":false,"pivot":{"x":2.258329153060913,"y":2.181574821472168,"z":0.5538641214370728},"rotation":{"x":0.22874046862125398,"y":-0.06509321928024292,"z":0.015923310071229936,"w":0.9713475108146668},"size":2.019019603729248,"orthographic":false}