{"cameraMode":{"drawMode":0,"name":"Shaded","section":"Shading Mode"},"sceneLighting":false,"audioPlay":false,"sceneViewState":{"m_AlwaysRefresh":false,"showFog":true,"showSkybox":false,"showFlares":true,"showImageEffects":true,"showParticleSystems":true,"showVisualEffectGraphs":true,"m_FxEnabled":true},"in2DMode":false,"pivot":{"x":1.3778125047683716,"y":0.9639679193496704,"z":0.13391518592834474},"rotation":{"x":0.25224798917770388,"y":0.2538856267929077,"z":-0.06814124435186386,"w":0.9314503073692322},"size":1.7320507764816285,"orthographic":false}