{"cameraMode":{"drawMode":0,"name":"Shaded","section":"Shading Mode"},"sceneLighting":false,"audioPlay":false,"sceneViewState":{"m_AlwaysRefresh":false,"showFog":true,"showSkybox":false,"showFlares":true,"showImageEffects":true,"showParticleSystems":true,"showVisualEffectGraphs":true,"m_FxEnabled":true},"in2DMode":false,"pivot":{"x":-0.09048327803611756,"y":0.16096553206443788,"z":0.1710035353899002},"rotation":{"x":-0.05097753927111626,"y":0.9392927885055542,"z":-0.1611413061618805,"w":-0.2989238500595093},"size":0.13234399259090424,"orthographic":false}