{"cameraMode":{"drawMode":0,"name":"Shaded","section":"Shading Mode"},"sceneLighting":false,"audioPlay":false,"sceneViewState":{"m_AlwaysRefresh":false,"showFog":true,"showSkybox":false,"showFlares":true,"showImageEffects":true,"showParticleSystems":true,"showVisualEffectGraphs":true,"m_FxEnabled":true},"in2DMode":false,"pivot":{"x":0.40521642565727236,"y":0.8638073205947876,"z":0.6351823210716248},"rotation":{"x":-0.4726334512233734,"y":-0.019911063835024835,"z":0.010183888487517834,"w":-0.8811622262001038},"size":1.7320507764816285,"orthographic":false}