{"cameraMode":{"drawMode":0,"name":"Shaded","section":"Shading Mode"},"sceneLighting":false,"audioPlay":false,"sceneViewState":{"m_AlwaysRefresh":false,"showFog":true,"showSkybox":false,"showFlares":true,"showImageEffects":true,"showParticleSystems":true,"showVisualEffectGraphs":true,"m_FxEnabled":true},"in2DMode":false,"pivot":{"x":0.1935407817363739,"y":-0.36423301696777346,"z":0.9035427570343018},"rotation":{"x":0.3592667579650879,"y":-0.03981146588921547,"z":0.01640114188194275,"w":0.9324375987052918},"size":2.019019603729248,"orthographic":false}