{"cameraMode":{"drawMode":0,"name":"Shaded","section":"Shading Mode"},"sceneLighting":false,"audioPlay":false,"sceneViewState":{"m_AlwaysRefresh":false,"showFog":true,"showSkybox":false,"showFlares":true,"showImageEffects":true,"showParticleSystems":true,"showVisualEffectGraphs":true,"m_FxEnabled":true},"in2DMode":false,"pivot":{"x":-0.020138859748840333,"y":0.32997846603393557,"z":-0.002214968204498291},"rotation":{"x":-0.038865022361278537,"y":0.9609147906303406,"z":-0.19765830039978028,"w":-0.19040842354297639},"size":0.8359166383743286,"orthographic":false}