{"cameraMode":{"drawMode":0,"name":"Shaded","section":"Shading Mode"},"sceneLighting":false,"audioPlay":false,"sceneViewState":{"m_AlwaysRefresh":false,"showFog":true,"showSkybox":false,"showFlares":true,"showImageEffects":true,"showParticleSystems":true,"showVisualEffectGraphs":true,"m_FxEnabled":true},"in2DMode":false,"pivot":{"x":957.2916259765625,"y":471.3434143066406,"z":65.94245910644531},"rotation":{"x":-0.23657214641571046,"y":-0.013081349432468415,"z":0.0027472551446408035,"w":-0.9716907739639282},"size":1080.9766845703125,"orthographic":false}