{"cameraMode":{"drawMode":0,"name":"Shaded","section":"Shading Mode"},"sceneLighting":false,"audioPlay":false,"sceneViewState":{"m_AlwaysRefresh":false,"showFog":true,"showSkybox":false,"showFlares":true,"showImageEffects":true,"showParticleSystems":true,"showVisualEffectGraphs":true,"m_FxEnabled":true},"in2DMode":false,"pivot":{"x":510.2630310058594,"y":520.4307861328125,"z":1093.15576171875},"rotation":{"x":0.05119219049811363,"y":-0.051928095519542697,"z":0.003365330630913377,"w":0.9974992871284485},"size":1080.9766845703125,"orthographic":false}