{"cameraMode":{"drawMode":0,"name":"Shaded","section":"Shading Mode"},"sceneLighting":false,"audioPlay":false,"sceneViewState":{"m_AlwaysRefresh":false,"showFog":true,"showSkybox":false,"showFlares":true,"showImageEffects":true,"showParticleSystems":true,"showVisualEffectGraphs":true,"m_FxEnabled":true},"in2DMode":false,"pivot":{"x":0.13416169583797456,"y":0.5407435894012451,"z":0.004247546195983887},"rotation":{"x":-0.3188462555408478,"y":-0.12211278080940247,"z":0.04133431240916252,"w":-0.9390565156936646},"size":0.8660253882408142,"orthographic":false}