{"cameraMode":{"drawMode":0,"name":"Shaded","section":"Shading Mode"},"sceneLighting":false,"audioPlay":false,"sceneViewState":{"m_AlwaysRefresh":false,"showFog":true,"showSkybox":false,"showFlares":true,"showImageEffects":true,"showParticleSystems":true,"showVisualEffectGraphs":true,"m_FxEnabled":true},"in2DMode":false,"pivot":{"x":-0.02415001392364502,"y":0.1566174030303955,"z":0.7154902815818787},"rotation":{"x":0.30776622891426089,"y":-0.19162224233150483,"z":0.06448953598737717,"w":0.929939866065979},"size":1.1526780128479005,"orthographic":false}