{"cameraMode":{"drawMode":0,"name":"Shaded","section":"Shading Mode"},"sceneLighting":false,"audioPlay":false,"sceneViewState":{"m_AlwaysRefresh":false,"showFog":true,"showSkybox":false,"showFlares":true,"showImageEffects":true,"showParticleSystems":true,"showVisualEffectGraphs":true,"m_FxEnabled":true},"in2DMode":false,"pivot":{"x":-0.10080321133136749,"y":0.6022028923034668,"z":0.00908660888671875},"rotation":{"x":0.011984787881374359,"y":0.9127485752105713,"z":-0.4079367518424988,"w":0.02569156140089035},"size":1.7320507764816285,"orthographic":false}