{"cameraMode":{"drawMode":0,"name":"Shaded","section":"Shading Mode"},"sceneLighting":false,"audioPlay":false,"sceneViewState":{"m_AlwaysRefresh":false,"showFog":true,"showSkybox":false,"showFlares":true,"showImageEffects":true,"showParticleSystems":true,"showVisualEffectGraphs":true,"m_FxEnabled":true},"in2DMode":false,"pivot":{"x":2.2351741790771485e-7,"y":0.09710202366113663,"z":-7.450580596923828e-9},"rotation":{"x":-0.038865022361278537,"y":0.9609147906303406,"z":-0.19765830039978028,"w":-0.19040842354297639},"size":0.13234399259090424,"orthographic":false}