{"cameraMode":{"drawMode":0,"name":"Shaded","section":"Shading Mode"},"sceneLighting":false,"audioPlay":false,"sceneViewState":{"m_AlwaysRefresh":false,"showFog":true,"showSkybox":false,"showFlares":true,"showImageEffects":true,"showParticleSystems":true,"showVisualEffectGraphs":true,"m_FxEnabled":true},"in2DMode":false,"pivot":{"x":-0.018250703811645509,"y":0.8008449077606201,"z":-0.2829560935497284},"rotation":{"x":-0.08068788051605225,"y":0.6928556561470032,"z":-0.07849769294261933,"w":-0.7122493982315064},"size":1.0499999523162842,"orthographic":false}