{"cameraMode":{"drawMode":0,"name":"Shaded","section":"Shading Mode"},"sceneLighting":false,"audioPlay":false,"sceneViewState":{"m_AlwaysRefresh":false,"showFog":true,"showSkybox":false,"showFlares":true,"showImageEffects":true,"showParticleSystems":true,"showVisualEffectGraphs":true,"m_FxEnabled":true},"in2DMode":false,"pivot":{"x":1.4629048109054566,"y":1.5776959657669068,"z":-1.1683471202850342},"rotation":{"x":-0.29388460516929629,"y":0.21275287866592408,"z":-0.06775978207588196,"w":-0.9295722842216492},"size":0.8660253882408142,"orthographic":false}